{"cameraMode":{"drawMode":0,"name":"Shaded","section":"Shading Mode"},"sceneLighting":true,"audioPlay":false,"sceneViewState":{"showFog":true,"showMaterialUpdate":false,"showSkybox":false,"showFlares":true,"showImageEffects":true,"showParticleSystems":true},"in2DMode":false,"pivot":{"x":-0.032569728791713718,"y":0.8020620346069336,"z":0.20535090565681458},"rotation":{"x":-0.264014333486557,"y":0.02950586937367916,"z":-0.008080665022134781,"w":-0.9640352129936218},"size":0.8632499575614929,"orthographic":false}