{"cameraMode":{"drawMode":0,"name":"Shaded","section":"Shading Mode"},"sceneLighting":true,"audioPlay":false,"sceneViewState":{"showFog":true,"showMaterialUpdate":false,"showSkybox":false,"showFlares":true,"showImageEffects":true,"showParticleSystems":true},"in2DMode":false,"pivot":{"x":0.36416149139404299,"y":1.0320441722869874,"z":0.4613635540008545},"rotation":{"x":0.3084142804145813,"y":-0.1922789216041565,"z":0.06380397826433182,"w":0.9294316172599793},"size":1.207395076751709,"orthographic":false}